<?xml version="1.0" encoding="UTF-8"?>
<!--
~  Copyright (c) 2014-2015, WSO2 Inc. (http://www.wso2.org) All Rights Reserved.
~
~  WSO2 Inc. licenses this file to you under the Apache License,
~  Version 2.0 (the "License"); you may not use this file except
~  in compliance with the License.
~  You may obtain a copy of the License at
~
~    http://www.apache.org/licenses/LICENSE-2.0
~
~ Unless required by applicable law or agreed to in writing,
~ software distributed under the License is distributed on an
~ "AS IS" BASIS, WITHOUT WARRANTIES OR CONDITIONS OF ANY
~ KIND, either express or implied.  See the License for the
~ specific language governing permissions and limitations
~ under the License.
-->
<template name="getUser" xmlns="http://ws.apache.org/ns/synapse">
    <parameter name="userId" description="The ID of the user to be retrieved."/>
    <parameter name="include"
               description="Types of additional details to be retrieved, can be memberships and/or groups"/>
    <sequence>
        <property name="uri.var.userId" expression="$func:userId"/>
        <property name="uri.var.include" expression="$func:include"/>
        <property name="uri.var.queryString" value=""/>
        <filter xpath="(string(get-property('uri.var.include'))) or get-property('uri.var.include') != ''">
            <then>
                <property name="uri.var.queryString"
                          expression="fn:concat('?include=',get-property('uri.var.include'))"/>
            </then>
        </filter>
        <filter xpath="(string(get-property('uri.var.userId'))) or get-property('uri.var.userId') != ''">
            <then>
                <call>
                    <endpoint>
                        <http method="get"
                              uri-template="{+uri.var.apiUrl}/users/{+uri.var.userId}.{+uri.var.responseType}{+uri.var.queryString}"/>
                    </endpoint>
                </call>
            </then>
            <else>
                <call>
                    <endpoint>
                        <http method="get"
                              uri-template="{+uri.var.apiUrl}/users/current.{+uri.var.responseType}{+uri.var.queryString}"/>
                    </endpoint>
                </call>
            </else>
        </filter>
        <!-- Remove response custom header information -->
        <header name="X-Runtime" scope="transport" action="remove"/>
        <header name="WWW-Authenticate" scope="transport" action="remove"/>
        <header name="ETag" scope="transport" action="remove"/>
        <header name="Via" scope="transport" action="remove"/>
        <header name="X-UA-Compatible" scope="transport" action="remove"/>
        <header name="Set-Cookie" scope="transport" action="remove"/>
        <header name="X-Request-Id" scope="transport" action="remove"/>
        <header name="X-Rack-Cache" scope="transport" action="remove"/>
    </sequence>
</template>