<?xml version="1.0" encoding="UTF-8"?>
<!--
~  Copyright (c) 2014-2015, WSO2 Inc. (http://www.wso2.org) All Rights Reserved.
~
~  WSO2 Inc. licenses this file to you under the Apache License,
~  Version 2.0 (the "License"); you may not use this file except
~  in compliance with the License.
~  You may obtain a copy of the License at
~
~    http://www.apache.org/licenses/LICENSE-2.0
~
~ Unless required by applicable law or agreed to in writing,
~ software distributed under the License is distributed on an
~ "AS IS" BASIS, WITHOUT WARRANTIES OR CONDITIONS OF ANY
~ KIND, either express or implied.  See the License for the
~ specific language governing permissions and limitations
~ under the License.
-->
<template name="listUsers" xmlns="http://ws.apache.org/ns/synapse">
    <parameter name="status" description="The account status of the user."/>
    <parameter name="name" description="Filter users on their login, firstname, lastname and mail."/>
    <parameter name="groupId" description="The users who are members of the given group id."/>
    <sequence>
        <property name="uri.var.status" expression="$func:status"/>
        <property name="uri.var.name" expression="$func:name"/>
        <property name="uri.var.groupId" expression="$func:groupId"/>
        <script language="js">
            <![CDATA[
                    
                    //encoding url param variables
                    var status = mc.getProperty('uri.var.status');
                    var name = mc.getProperty('uri.var.name');
                    var groupId = mc.getProperty('uri.var.groupId');
					
					//url param processing start
			        var urlQuery = "";
			           
			        if (status != null && status != "") {
						urlQuery += 'status=' + status + '&';
					}
			           
					if (name != null && name != "") {
						urlQuery += 'name=' + name + '&';
					}
					
					if (groupId != null && groupId != "") {
						urlQuery += 'group_id=' + groupId + '&';
					}
					
					if(urlQuery != "") {
						urlQuery = '?' + urlQuery.substring(0, urlQuery.length-1);
						mc.setProperty('uri.var.urlQuery', urlQuery);
					}
					//url param processing end
					
        	]]>
        </script>
        <call>
            <endpoint>
                <http method="get" uri-template="{+uri.var.apiUrl}/users.{+uri.var.responseType}{+uri.var.urlQuery}"/>
            </endpoint>
        </call>
        <!-- Remove response custom header information -->
        <header name="X-Runtime" scope="transport" action="remove"/>
        <header name="X-UA-Compatible" scope="transport" action="remove"/>
        <header name="WWW-Authenticate" scope="transport" action="remove"/>
        <header name="Via" scope="transport" action="remove"/>
        <header name="ETag" scope="transport" action="remove"/>
        <header name="Set-Cookie" scope="transport" action="remove"/>
        <header name="X-Request-Id" scope="transport" action="remove"/>
        <header name="X-Rack-Cache" scope="transport" action="remove"/>
    </sequence>
</template>