<?xml version="1.0" encoding="UTF-8"?>
<!--
~  Copyright (c) 2014-2015, WSO2 Inc. (http://www.wso2.org) All Rights Reserved.
~
~  WSO2 Inc. licenses this file to you under the Apache License,
~  Version 2.0 (the "License"); you may not use this file except
~  in compliance with the License.
~  You may obtain a copy of the License at
~
~    http://www.apache.org/licenses/LICENSE-2.0
~
~ Unless required by applicable law or agreed to in writing,
~ software distributed under the License is distributed on an
~ "AS IS" BASIS, WITHOUT WARRANTIES OR CONDITIONS OF ANY
~ KIND, either express or implied.  See the License for the
~ specific language governing permissions and limitations
~ under the License.
-->
<template name="createIssueCategory" xmlns="http://ws.apache.org/ns/synapse">
    <parameter name="projectId" description="The project id to create an issue category for that project."/>
    <parameter name="issueName" description="The issue name to create an issue category with that name."/>
    <parameter name="assignedToId"
               description="The id of the user to assign him to the given issue category."/>
    <sequence>
        <property name="uri.var.projectId" expression="$func:projectId"/>
        <property name="uri.var.issueName" expression="$func:issueName"/>
        <property name="uri.var.assignedToId" expression="$func:assignedToId"/>
        <payloadFactory media-type="json">
            <format>
                {
                "issue_category":  {
                "name": "$1",
                "assigned_to_id": $2
                }
                }
            </format>
            <args>
                <arg expression="get-property('uri.var.issueName')" />
                <arg expression="get-property('uri.var.assignedToId')" />
            </args>
        </payloadFactory>
        <call>
            <endpoint>
                <http method="post"
                      uri-template="{+uri.var.apiUrl}/projects/{+uri.var.projectId}/issue_categories.{+uri.var.responseType}"/>
            </endpoint>
        </call>
        <!-- Remove response custom header information -->
        <header name="X-Runtime" scope="transport" action="remove"/>
        <header name="ETag" scope="transport" action="remove"/>
        <header name="X-UA-Compatible" scope="transport" action="remove"/>
        <header name="Via" scope="transport" action="remove"/>
        <header name="X-Request-Id" scope="transport" action="remove"/>
        <header name="X-Rack-Cache" scope="transport" action="remove"/>
        <header name="Set-Cookie" scope="transport" action="remove"/>
        <header name="Location" scope="transport" action="remove"/>
    </sequence>
</template>