<?xml version="1.0" encoding="UTF-8"?>
<!--
~  Copyright (c) 2014-2015, WSO2 Inc. (http://www.wso2.org) All Rights Reserved.
~
~  WSO2 Inc. licenses this file to you under the Apache License,
~  Version 2.0 (the "License"); you may not use this file except
~  in compliance with the License.
~  You may obtain a copy of the License at
~
~    http://www.apache.org/licenses/LICENSE-2.0
~
~ Unless required by applicable law or agreed to in writing,
~ software distributed under the License is distributed on an
~ "AS IS" BASIS, WITHOUT WARRANTIES OR CONDITIONS OF ANY
~ KIND, either express or implied.  See the License for the
~ specific language governing permissions and limitations
~ under the License.
-->
<template name="deleteIssueCategory" xmlns="http://ws.apache.org/ns/synapse">
    <parameter name="issueCategoryId" description="Id of the issue category to retrieve the details of it."/>
    <parameter name="reassignToId"
               description="If issues are assigned to the category, this helps to reassign these issues to the category with this id."/>
    <sequence>
        <property name="uri.var.issueCategoryId" expression="$func:issueCategoryId"/>
        <property name="uri.var.reassignToId" expression="$func:reassignToId"/>
        <filter xpath="(string(get-property('uri.var.reassignToId'))) or get-property('uri.var.reassignToId') != ''">
            <then>
                <property name="uri.var.optionalParam"
                          expression="fn:concat('?reassign_to_id=',get-property('uri.var.reassignToId'))"/>
            </then>
        </filter>
        <call>
            <endpoint>
                <http method="delete"
                      uri-template="{+uri.var.apiUrl}/issue_categories/{+uri.var.issueCategoryId}.{+uri.var.responseType}{+uri.var.optionalParam}"/>
            </endpoint>
        </call>
        <!-- Remove response custom header information -->
        <header name="X-Runtime" scope="transport" action="remove"/>
        <header name="ETag" scope="transport" action="remove"/>
        <header name="X-UA-Compatible" scope="transport" action="remove"/>
        <header name="Via" scope="transport" action="remove"/>
        <header name="X-Request-Id" scope="transport" action="remove"/>
        <header name="X-Rack-Cache" scope="transport" action="remove"/>
        <header name="Set-Cookie" scope="transport" action="remove"/>
    </sequence>
</template>