<?xml version="1.0" encoding="UTF-8"?>
<!--
~  Copyright (c) 2014-2015, WSO2 Inc. (http://www.wso2.org) All Rights Reserved.
~
~  WSO2 Inc. licenses this file to you under the Apache License,
~  Version 2.0 (the "License"); you may not use this file except
~  in compliance with the License.
~  You may obtain a copy of the License at
~
~    http://www.apache.org/licenses/LICENSE-2.0
~
~ Unless required by applicable law or agreed to in writing,
~ software distributed under the License is distributed on an
~ "AS IS" BASIS, WITHOUT WARRANTIES OR CONDITIONS OF ANY
~ KIND, either express or implied.  See the License for the
~ specific language governing permissions and limitations
~ under the License.
-->
<component name="redmine-issues" type="synapse/template">
    <subComponents>
        <component name="listIssues">
            <file>listIssues.xml</file>
            <description>Returns a paginated list of issues.</description>
        </component>
        <component name="getIssue">
            <file>getIssue.xml</file>
            <description>Gets details of a single issue by its ID.</description>
        </component>
        <component name="createIssue">
            <file>createIssue.xml</file>
            <description>Creates a new issue.</description>
        </component>
        <component name="updateIssue">
            <file>updateIssue.xml</file>
            <description>Updates an existing issue.</description>
        </component>
        <component name="deleteIssue">
            <file>deleteIssue.xml</file>
            <description>Deletes an existing issue.</description>
        </component>
    </subComponents>
</component>