<?xml version="1.0" encoding="UTF-8"?>
<!--
~  Copyright (c) 2014-2015, WSO2 Inc. (http://www.wso2.org) All Rights Reserved.
~
~  WSO2 Inc. licenses this file to you under the Apache License,
~  Version 2.0 (the "License"); you may not use this file except
~  in compliance with the License.
~  You may obtain a copy of the License at
~
~    http://www.apache.org/licenses/LICENSE-2.0
~
~ Unless required by applicable law or agreed to in writing,
~ software distributed under the License is distributed on an
~ "AS IS" BASIS, WITHOUT WARRANTIES OR CONDITIONS OF ANY
~ KIND, either express or implied.  See the License for the
~ specific language governing permissions and limitations
~ under the License.
-->
<component name="redmine-projectMemberships" type="synapse/template">
    <subComponents>
        <component name="getProjectMemberships">
            <file>getProjectMemberships.xml</file>
            <description>Gets memberships of a single project by its ID.</description>
        </component>
        <component name="getMembershipByMembershipId">
            <file>getMembershipByMembershipId.xml</file>
            <description>Gets memberships of a given membership id.</description>
        </component>
        <component name="addProjectMember">
            <file>addProjectMember.xml</file>
            <description>Adds a new member to a project.</description>
        </component>
        <component name="deleteMemberships">
            <file>deleteMemberships.xml</file>
            <description>Deletes the memberships of a user.</description>
        </component>
        <component name="updateRolesOfAMembership">
            <file>updateRolesOfAMembership.xml</file>
            <description>Updates the roles of a membership.</description>
        </component>
    </subComponents>
</component>