<?xml version="1.0" encoding="UTF-8"?>
<template name="init" onError="fault"
	xmlns="http://ws.apache.org/ns/synapse">
	<parameter name="username" />
	<parameter name="password" />
	<parameter name="loginUrl" />
	<parameter name="forceLogin" />
	<sequence>
		<class name="org.wso2.carbon.connector.salesforce.SetupLoginParams" />
		<filter xpath="get-property('operation','salesforce.login.done') = 'true'">
			<then>
				<property name="Connection" value="Already login to Salesforce ....." />
			</then>
			<else>
				<enrich>
					<source clone="true" type="body" />
					<target property="ORIGINAL_MSG_PAYLOAD" type="property" />
				</enrich>
				<property expression="$func:loginUrl" name="uri.var.salesforce.url" />
				<header name="Action" value="urn:partner.soap.sforce.com/Soap/loginRequest" />
				<payloadFactory>
					<format>
						<soapenv:Envelope xmlns:soapenv="http://schemas.xmlsoap.org/soap/envelope/"
							xmlns:urn="urn:partner.soap.sforce.com">
							<soapenv:Body>
								<urn:login>
									<urn:username>$1</urn:username>
									<urn:password>$2</urn:password>
								</urn:login>
							</soapenv:Body>
						</soapenv:Envelope>
					</format>
					<args>
						<arg expression="$func:username" />
						<arg expression="$func:password" />
					</args>
				</payloadFactory>
				<log level="custom">
					<property name="Connection" value="Login to Salesforce ....." />
				</log>
				<property name="FORCE_ERROR_ON_SOAP_FAULT" value="true" />
				<property name="messageType" scope="axis2" value="text/xml" />
				<!-- <call> <endpoint> <http method="POST" uri-template="{uri.var.salesforce.url}"> 
					<timeout> <duration>60000</duration> <responseAction>fault</responseAction> 
					</timeout> <suspendOnFailure> <initialDuration>2000</initialDuration> <progressionFactor>1.0</progressionFactor> 
					<maximumDuration>3000</maximumDuration> </suspendOnFailure> </http> </endpoint> 
					</call> -->
				<property value="true" name="FORCE_ERROR_ON_SOAP_FAULT" />
				<property name="HTTP_METHOD" scope="axis2" value="POST" />
				<header name="To" expression="$ctx:uri.var.salesforce.url" />
				<call>
					<endpoint>
						<default format="soap11">
							<timeout>
								<duration>60000</duration>
								<responseAction>fault</responseAction>
							</timeout>
							<suspendOnFailure>
								<initialDuration>2000</initialDuration>
								<progressionFactor>1.0</progressionFactor>
								<maximumDuration>3000</maximumDuration>
							</suspendOnFailure>
						</default>
					</endpoint>
				</call>

				<property name="FORCE_ERROR_ON_SOAP_FAULT" value="false" />
				<property expression="//ns:loginResponse/ns:result/ns:sessionId/text()"
					name="salesforce.sessionId" scope="operation" type="STRING"
					xmlns:ns="urn:partner.soap.sforce.com" />
				<property expression="//ns:loginResponse/ns:result/ns:serverUrl/text()"
					name="salesforce.serviceUrl" scope="operation" type="STRING"
					xmlns:ns="urn:partner.soap.sforce.com" />
				<property name="salesforce.login.done" scope="operation"
					type="STRING" value="true" />
				<enrich>
					<source clone="true" type="body" />
					<target property="SALESFORCE_LOGIN_RESPONSE" type="property" />
				</enrich>
				<enrich>
					<source clone="true" property="ORIGINAL_MSG_PAYLOAD" type="property" />
					<target type="body" />
				</enrich>
			</else>
		</filter>
	</sequence>
</template>
