<?xml version="1.0" encoding="UTF-8"?>
<!--
   Copyright (c) 2005-2015, WSO2 Inc. (http://www.wso2.org) All Rights Reserved.

   WSO2 Inc. licenses this file to you under the Apache License,
   Version 2.0 (the "License"); you may not use this file except
   in compliance with the License.
   You may obtain a copy of the License at

   http://www.apache.org/licenses/LICENSE-2.0

   Unless required by applicable law or agreed to in writing,
   software distributed under the License is distributed on an
   "AS IS" BASIS, WITHOUT WARRANTIES OR CONDITIONS OF ANY
   KIND, either express or implied.  See the License for the
   specific language governing permissions and limitations
   under the License.
-->
<component name="jenkins-job" type="synapse/template">
   <subComponents>
      <component name="createJob">
         <file>createJob.xml</file>
         <description>Create a new job in Jenkins account using the provided Parameters.</description>
      </component>
      <component name="getJobConfiguration">
         <file>getJobConfiguration.xml</file>
         <description>Retrieve details of a jobConfiguration identified by the provided jobConfiguration ID.</description>
      </component>
      <component name="getJob">
         <file>getJob.xml</file>
         <description>Retrieve details of a job identified by the provided job ID.</description>
      </component>
      <component name="listJobs">
         <file>listJobs.xml</file>
         <description>Retrieve a list of jobs from Jenkins account.</description>
      </component>
      <component name="createJobWithConfigFile">
         <file>createJobWithConfigFile.xml</file>
         <description>Create a new job in Jenkins account by uploading the config file.</description>
      </component>
      <component name="updateJobConfiguration">
         <file>updateJobConfiguration.xml</file>
         <description>Update job in Jenkins account.</description>
      </component>
      <component name="updateJobConfigurationWithConfigFile">
         <file>updateJobConfigurationWithConfigFile.xml</file>
         <description>Update job by uploading a file in Jenkins account.</description>
      </component>
   </subComponents>
</component>
