<?xml version="1.0" encoding="UTF-8"?>
<!--
   Copyright (c) 2005-2015, WSO2 Inc. (http://www.wso2.org) All Rights Reserved.

   WSO2 Inc. licenses this file to you under the Apache License,
   Version 2.0 (the "License"); you may not use this file except
   in compliance with the License.
   You may obtain a copy of the License at

   http://www.apache.org/licenses/LICENSE-2.0

   Unless required by applicable law or agreed to in writing,
   software distributed under the License is distributed on an
   "AS IS" BASIS, WITHOUT WARRANTIES OR CONDITIONS OF ANY
   KIND, either express or implied.  See the License for the
   specific language governing permissions and limitations
   under the License.
-->
<!-- Method Documentation URL: https://scottizu.wordpress.com/2014/04/30/getting-started-with-the-jenkins-api/ -->
<template name="createJobWithConfigFile" xmlns="http://ws.apache.org/ns/synapse">
   <parameter name="name" description="The name of the job." />
   <sequence>
      <property name="uri.var.name" expression="$func:name" />
      <property name="messageType" value="application/xml" scope="axis2" />
      <call>
         <endpoint>
            <http method="post" uri-template="{+uri.var.apiUrl}/createItem?name={+uri.var.name}" />
         </endpoint>
      </call>
      <!-- Remove custom Headers from the API Response -->
      <header name="X-Jenkins-Session" action="remove" scope="transport" />
      <header name="X-Jenkins" action="remove" scope="transport" />
      <header name="X-Content-Type-Options" action="remove" scope="transport" />
      <header name="Cache-Control" action="remove" scope="transport" />
      <header name="X-Hudson" action="remove" scope="transport" />
      <header name="X-Jenkins-CLI-Port" action="remove" scope="transport" />
      <header name="X-Hudson-CLI-Port" action="remove" scope="transport" />
      <header name="X-SSH-Endpoint" action="remove" scope="transport" />
      <header name="X-Frame-Options" action="remove" scope="transport" />
      <header name="X-Hudson-Theme" action="remove" scope="transport" />
      <header name="X-Instance-Identity" action="remove" scope="transport" />
      <header name="X-Error" action="remove" scope="transport" />
      <header name="X-Jenkins-CLI2-Port" action="remove" scope="transport" />
      <header name="Expires" action="remove" scope="transport" />
   </sequence>
</template>
