<?xml version="1.0" encoding="UTF-8"?>
<!--
   Copyright (c) 2005-2015, WSO2 Inc. (http://www.wso2.org) All Rights Reserved.

   WSO2 Inc. licenses this file to you under the Apache License,
   Version 2.0 (the "License"); you may not use this file except
   in compliance with the License.
   You may obtain a copy of the License at

   http://www.apache.org/licenses/LICENSE-2.0

   Unless required by applicable law or agreed to in writing,
   software distributed under the License is distributed on an
   "AS IS" BASIS, WITHOUT WARRANTIES OR CONDITIONS OF ANY
   KIND, either express or implied.  See the License for the
   specific language governing permissions and limitations
   under the License.
-->
<!-- Method Documentation URL: https://benkiew.wordpress.com/2012/01/12/automating-hudsonjenkins-via-rest-and-curl-a-very-small-cookbook/ -->
<template name="updateJobConfiguration" xmlns="http://ws.apache.org/ns/synapse">
   <parameter name="jobName" description="The name of the job." />
   <parameter name="configDetails" description="The configuration details of the job to be updated." />
   <sequence>
      <property name="uri.var.jobName" expression="$func:jobName" />
      <property name="uri.var.configDetails" expression="$func:configDetails" />
      <property name="messageType" value="application/xml" scope="axis2" />
      <script language="js">
      <![CDATA[
            var objects = new XML(mc.getProperty('uri.var.configDetails'));
            var payload = new XML(objects.values.*);
            mc.setPayloadXML(payload);
         ]]>
      </script>
      <call>
         <endpoint>
            <http method="post" uri-template="{+uri.var.apiUrl}/job/{+uri.var.jobName}/config.xml" />
         </endpoint>
      </call>
      <!-- Remove custom Headers from the API Response -->
      <header name="X-Jenkins-Session" action="remove" scope="transport" />
      <header name="X-Jenkins" action="remove" scope="transport" />
      <header name="X-Content-Type-Options" action="remove" scope="transport" />
      <header name="Cache-Control" action="remove" scope="transport" />
   </sequence>
</template>
