<?xml version="1.0" encoding="UTF-8"?>
<template name="getVersions" xmlns="http://ws.apache.org/ns/synapse">
  <parameter name="id"/>
  <sequence>
    <property expression="$func:id" name="uri.var.id" scope="default" type="STRING"/>
    <call>
      <endpoint>
        <http method="get" uri-template="{+uri.var.apiUrl}/projects/{+uri.var.id}/versions.{+uri.var.responseType}"/>
      </endpoint>
    </call>
    <!-- Remove response custom header information -->
    <header action="remove" name="X-Runtime" scope="transport"/>
    <header action="remove" name="X-UA-Compatible" scope="transport"/>
    <header action="remove" name="WWW-Authenticate" scope="transport"/>
    <header action="remove" name="Via" scope="transport"/>
    <header action="remove" name="ETag" scope="transport"/>
    <header action="remove" name="Set-Cookie" scope="transport"/>
    <header action="remove" name="X-Request-Id" scope="transport"/>
    <header action="remove" name="X-Rack-Cache" scope="transport"/>
  </sequence>
</template>
