<?xml version="1.0" encoding="UTF-8"?>
<!--
   Copyright (c) 2005-2015, WSO2 Inc. (http://www.wso2.org) All Rights Reserved.

   WSO2 Inc. licenses this file to you under the Apache License,
   Version 2.0 (the "License"); you may not use this file except
   in compliance with the License.
   You may obtain a copy of the License at

   http://www.apache.org/licenses/LICENSE-2.0

   Unless required by applicable law or agreed to in writing,
   software distributed under the License is distributed on an
   "AS IS" BASIS, WITHOUT WARRANTIES OR CONDITIONS OF ANY
   KIND, either express or implied.  See the License for the
   specific language governing permissions and limitations
   under the License.
-->
<!-- Method Documentation URL: https://wiki.jenkins-ci.org/display/JENKINS/Remote+access+API -->
<template name="init" xmlns="http://ws.apache.org/ns/synapse">
   <parameter name="apiUrl" description="Base endpoint URL of Jenkins API." />
   <parameter name="username" description="Username of the Jenkins account being accessed." />
   <parameter name="password" description="Password corresponding to the username provided for the Jenkins account." />
   <parameter name="fullUrl" description="Password corresponding to the username provided for the Jenkins account." />
   <sequence>

      <property name="uri.var.apiUrl" expression="$func:apiUrl" />
      <property name="uri.var.username" expression="$func:username" />
      <property name="uri.var.password" expression="$func:password" />
      <property name="uri.var.afterPort" expression="$func:afterPort" />

      <property name="uri.var.apiUrl" expression="fn:concat(get-property('uri.var.apiUrl'), '','')"/>

      <property name="Authorization" expression="fn:concat('Basic ', base64Encode(fn:concat(get-property('uri.var.username'), ':', get-property('uri.var.password'))))" scope="transport" type="STRING" />
      <property name="Content-Type" value="application/xml" scope="transport" />
   </sequence>
</template>
