<?xml version="1.0" encoding="UTF-8"?>
<!--
   Copyright (c) 2005-2015, WSO2 Inc. (http://www.wso2.org) All Rights Reserved.

   WSO2 Inc. licenses this file to you under the Apache License,
   Version 2.0 (the "License"); you may not use this file except
   in compliance with the License.
   You may obtain a copy of the License at

   http://www.apache.org/licenses/LICENSE-2.0

   Unless required by applicable law or agreed to in writing,
   software distributed under the License is distributed on an
   "AS IS" BASIS, WITHOUT WARRANTIES OR CONDITIONS OF ANY
   KIND, either express or implied.  See the License for the
   specific language governing permissions and limitations
   under the License.
-->
<!-- Method Documentation URL: https://wiki.jenkins-ci.org/display/JENKINS/Remote+access+API -->
<template name="createBuild" xmlns="http://ws.apache.org/ns/synapse">
   <parameter name="jobName" description="Name of the job which is executing." />
   <parameter name="responseType" description="Response type of the getJob method." />
   <parameter name="isBuildWithParameters" description="Boolean parameter to get the required end point." />
   <parameter name="parameters" description="Parameters to used when executing the job." />
   <sequence>
      <property name="uri.var.jobName" expression="$func:jobName" />
      <property name="uri.var.responseType" expression="$func:responseType" />
      <property name="uri.var.isBuildWithParameters" expression="$func:isBuildWithParameters" />
      <property name="uri.var.parameters" expression="$func:parameters" />
      <script language="js">
         <![CDATA[
            var isBuildWithParameters = mc.getProperty('uri.var.isBuildWithParameters');
            var parameters = mc.getProperty('uri.var.parameters');
            var urlQuery = '';
            if (isBuildWithParameters == null || isBuildWithParameters == 'false' || isBuildWithParameters == '' ){
               mc.setProperty('uri.var.build', 'build');
            }
            else {
               if (parameters != null && parameters != "") {
                  var parameterArray = eval("(" + parameters + ")");
                  for(var i=0 ; i<parameterArray.length ;i++) {
                     var paramObj = parameterArray[i];
                     for(var key in paramObj) {
                        var paramName = key;
                        var paramVal = paramObj[paramName];
                        urlQuery += paramName + '=' + paramVal + '&';
                     }
                   }
                }
                mc.setProperty('uri.var.build', 'buildWithParameters');
                // Add a leading '?' and remove the trailing '&'
                if (urlQuery != "") {
                   urlQuery = '?' + urlQuery.substring(0, urlQuery.length - 1);
                   mc.setProperty('uri.var.urlQuery', urlQuery);
                }
            }
         ]]>
      </script>
      <call>
         <endpoint>
            <http method="post"
               uri-template="{+uri.var.apiUrl}/job/{+uri.var.jobName}/{+uri.var.build}/api/{+uri.var.responseType}{+uri.var.urlQuery}" />
         </endpoint>
      </call>
      <!-- Remove custom Headers from the API Response -->
      <header name="X-Jenkins-Session" action="remove" scope="transport" />
      <header name="X-Jenkins" action="remove" scope="transport" />
      <header name="X-Content-Type-Options" action="remove" scope="transport" />
      <header name="Cache-Control" action="remove" scope="transport" />
   </sequence>
</template>
