<?xml version="1.0" encoding="UTF-8"?>
<!--
~  Copyright (c) 2014-2015, WSO2 Inc. (http://www.wso2.org) All Rights Reserved.
~
~  WSO2 Inc. licenses this file to you under the Apache License,
~  Version 2.0 (the "License"); you may not use this file except
~  in compliance with the License.
~  You may obtain a copy of the License at
~
~    http://www.apache.org/licenses/LICENSE-2.0
~
~ Unless required by applicable law or agreed to in writing,
~ software distributed under the License is distributed on an
~ "AS IS" BASIS, WITHOUT WARRANTIES OR CONDITIONS OF ANY
~ KIND, either express or implied.  See the License for the
~ specific language governing permissions and limitations
~ under the License.
-->
<component name="redmine-projects" type="synapse/template">
    <subComponents>
        <component name="listProjects">
            <file>listProjects.xml</file>
            <description>Lists existing projects. .</description>
        </component>
        <component name="getProject">
            <file>getProject.xml</file>
            <description>Gets details of a single project by its ID.</description>
        </component>
        <component name="createProject">
            <file>createProject.xml</file>
            <description>Creates a new project.</description>
        </component>
        <component name="updateProject">
            <file>updateProject.xml</file>
            <description>Updates an existing project.</description>
        </component>
        <component name="deleteProject">
            <file>deleteProject.xml</file>
            <description>Deletes an existing project.</description>
        </component>
    </subComponents>
</component>