<?xml version="1.0" encoding="UTF-8"?>
<!--
~  Copyright (c) 2014-2015, WSO2 Inc. (http://www.wso2.org) All Rights Reserved.
~
~  WSO2 Inc. licenses this file to you under the Apache License,
~  Version 2.0 (the "License"); you may not use this file except
~  in compliance with the License.
~  You may obtain a copy of the License at
~
~    http://www.apache.org/licenses/LICENSE-2.0
~
~ Unless required by applicable law or agreed to in writing,
~ software distributed under the License is distributed on an
~ "AS IS" BASIS, WITHOUT WARRANTIES OR CONDITIONS OF ANY
~ KIND, either express or implied.  See the License for the
~ specific language governing permissions and limitations
~ under the License.
-->
<template name="deleteProject" xmlns="http://ws.apache.org/ns/synapse">
    <parameter name="id" description="Project id to delete."/>
    <sequence>
        <property name="uri.var.id" expression="$func:id"/>
        <call>
            <endpoint>
                <http method="delete" uri-template="{+uri.var.apiUrl}/projects/{+uri.var.id}.{+uri.var.responseType}"/>
            </endpoint>
        </call>
        <!-- Remove response custom header information -->
        <header name="X-Runtime" scope="transport" action="remove"/>
        <header name="X-UA-Compatible" scope="transport" action="remove"/>
        <header name="WWW-Authenticate" scope="transport" action="remove"/>
        <header name="Via" scope="transport" action="remove"/>
        <header name="Set-Cookie" scope="transport" action="remove"/>
        <header name="X-Request-Id" scope="transport" action="remove"/>
        <header name="X-Rack-Cache" scope="transport" action="remove"/>
    </sequence>
</template>